id,place,city,state,latitude,longitude,category,best_time,budget_per_day,description,category_icon,estimated_entry_fee,estimated_local_travel
1,RK Beach,Visakhapatnam,Andhra Pradesh,17.6868,83.2305,Beach,Oct-Mar,1800,"RK Beach is a popular travel spot near Visakhapatnam, Andhra Pradesh, offering a memorable mix of sightseeing, local culture and scenic experiences.",🏖️,216,324
2,Kailasagiri,Visakhapatnam,Andhra Pradesh,17.6988,83.2185,Places to Visit,Nov-Feb,2200,"Kailasagiri is a popular travel spot near Visakhapatnam, Andhra Pradesh, offering a memorable mix of sightseeing, local culture and scenic experiences.",📍,264,396
3,Yarada Beach,Visakhapatnam,Andhra Pradesh,17.6868,83.2065,Beach,Oct-Apr,2500,"Yarada Beach is a popular travel spot near Visakhapatnam, Andhra Pradesh, offering a memorable mix of sightseeing, local culture and scenic experiences.",🏖️,300,450
4,Simhachalam Temple,Visakhapatnam,Andhra Pradesh,17.6748,83.2185,Temple,Sep-Feb,3000,"Simhachalam Temple is a popular travel spot near Visakhapatnam, Andhra Pradesh, offering a memorable mix of sightseeing, local culture and scenic experiences.",🛕,360,540
5,Kanaka Durga Temple,Vijayawada,Andhra Pradesh,16.5062,80.66,Temple,Oct-Mar,1800,"Kanaka Durga Temple is a popular travel spot near Vijayawada, Andhra Pradesh, offering a memorable mix of sightseeing, local culture and scenic experiences.",🛕,216,324
6,Prakasam Barrage,Vijayawada,Andhra Pradesh,16.5182,80.648,Famous Landmark,Nov-Feb,2200,"Prakasam Barrage is a popular travel spot near Vijayawada, Andhra Pradesh, offering a memorable mix of sightseeing, local culture and scenic experiences.",🏙️,264,396
7,Bhavani Island,Vijayawada,Andhra Pradesh,16.5062,80.636,Places to Visit,Oct-Apr,2500,"Bhavani Island is a popular travel spot near Vijayawada, Andhra Pradesh, offering a memorable mix of sightseeing, local culture and scenic experiences.",📍,300,450
8,Undavalli Caves,Vijayawada,Andhra Pradesh,16.4942,80.648,Adventure,Sep-Feb,3000,"Undavalli Caves is a popular travel spot near Vijayawada, Andhra Pradesh, offering a memorable mix of sightseeing, local culture and scenic experiences.",🧗,360,540
9,Tirumala Temple,Tirupati,Andhra Pradesh,13.6288,79.4312,Temple,Oct-Mar,1800,"Tirumala Temple is a popular travel spot near Tirupati, Andhra Pradesh, offering a memorable mix of sightseeing, local culture and scenic experiences.",🛕,216,324
10,Sri Govindaraja Swamy Temple,Tirupati,Andhra Pradesh,13.6408,79.4192,Temple,Nov-Feb,2200,"Sri Govindaraja Swamy Temple is a popular travel spot near Tirupati, Andhra Pradesh, offering a memorable mix of sightseeing, local culture and scenic experiences.",🛕,264,396
11,Kapila Theertham,Tirupati,Andhra Pradesh,13.6288,79.4072,Places to Visit,Oct-Apr,2500,"Kapila Theertham is a popular travel spot near Tirupati, Andhra Pradesh, offering a memorable mix of sightseeing, local culture and scenic experiences.",📍,300,450
12,Talakona Waterfalls,Tirupati,Andhra Pradesh,13.6168,79.4192,Lake/Waterfall,Sep-Feb,3000,"Talakona Waterfalls is a popular travel spot near Tirupati, Andhra Pradesh, offering a memorable mix of sightseeing, local culture and scenic experiences.",🏞️,360,540
13,Godavari Riverfront,Rajahmundry,Andhra Pradesh,16.9891,81.796,Lake/Waterfall,Oct-Mar,1800,"Godavari Riverfront is a popular travel spot near Rajahmundry, Andhra Pradesh, offering a memorable mix of sightseeing, local culture and scenic experiences.",🏞️,216,324
14,Dowleswaram Barrage,Rajahmundry,Andhra Pradesh,17.0011,81.784,Places to Visit,Nov-Feb,2200,"Dowleswaram Barrage is a popular travel spot near Rajahmundry, Andhra Pradesh, offering a memorable mix of sightseeing, local culture and scenic experiences.",📍,264,396
15,Papi Hills,Rajahmundry,Andhra Pradesh,16.9891,81.772,Places to Visit,Oct-Apr,2500,"Papi Hills is a popular travel spot near Rajahmundry, Andhra Pradesh, offering a memorable mix of sightseeing, local culture and scenic experiences.",📍,300,450
16,ISKCON Rajahmundry,Rajahmundry,Andhra Pradesh,16.9771,81.784,Spiritual,Sep-Feb,3000,"ISKCON Rajahmundry is a popular travel spot near Rajahmundry, Andhra Pradesh, offering a memorable mix of sightseeing, local culture and scenic experiences.",🕍,360,540
17,Araku Valley,Araku Valley,Andhra Pradesh,18.3273,82.8873,Hill Station,Oct-Mar,1800,"Araku Valley is a popular travel spot near Araku Valley, Andhra Pradesh, offering a memorable mix of sightseeing, local culture and scenic experiences.",🌄,216,324
18,Borra Caves,Araku Valley,Andhra Pradesh,18.3393,82.8753,Adventure,Nov-Feb,2200,"Borra Caves is a popular travel spot near Araku Valley, Andhra Pradesh, offering a memorable mix of sightseeing, local culture and scenic experiences.",🧗,264,396
19,Katiki Waterfalls,Araku Valley,Andhra Pradesh,18.3273,82.8633,Lake/Waterfall,Oct-Apr,2500,"Katiki Waterfalls is a popular travel spot near Araku Valley, Andhra Pradesh, offering a memorable mix of sightseeing, local culture and scenic experiences.",🏞️,300,450
20,Tribal Museum,Araku Valley,Andhra Pradesh,18.3153,82.8753,Historical/Heritage,Sep-Feb,3000,"Tribal Museum is a popular travel spot near Araku Valley, Andhra Pradesh, offering a memorable mix of sightseeing, local culture and scenic experiences.",🏛️,360,540
21,Amaravati Stupa,Amaravati,Andhra Pradesh,16.573,80.37,Spiritual,Oct-Mar,1800,"Amaravati Stupa is a popular travel spot near Amaravati, Andhra Pradesh, offering a memorable mix of sightseeing, local culture and scenic experiences.",🕍,216,324
22,Dhyana Buddha Statue,Amaravati,Andhra Pradesh,16.585,80.358,Spiritual,Nov-Feb,2200,"Dhyana Buddha Statue is a popular travel spot near Amaravati, Andhra Pradesh, offering a memorable mix of sightseeing, local culture and scenic experiences.",🕍,264,396
23,Amareswara Temple,Amaravati,Andhra Pradesh,16.573,80.346,Temple,Oct-Apr,2500,"Amareswara Temple is a popular travel spot near Amaravati, Andhra Pradesh, offering a memorable mix of sightseeing, local culture and scenic experiences.",🛕,300,450
24,Krishna River Viewpoint,Amaravati,Andhra Pradesh,16.561,80.358,Nature,Sep-Feb,3000,"Krishna River Viewpoint is a popular travel spot near Amaravati, Andhra Pradesh, offering a memorable mix of sightseeing, local culture and scenic experiences.",🌿,360,540
25,Veerabhadra Temple,Lepakshi,Andhra Pradesh,14.1235,77.6212,Temple,Oct-Mar,1800,"Veerabhadra Temple is a popular travel spot near Lepakshi, Andhra Pradesh, offering a memorable mix of sightseeing, local culture and scenic experiences.",🛕,216,324
26,Lepakshi Nandi,Lepakshi,Andhra Pradesh,14.1355,77.6092,Places to Visit,Nov-Feb,2200,"Lepakshi Nandi is a popular travel spot near Lepakshi, Andhra Pradesh, offering a memorable mix of sightseeing, local culture and scenic experiences.",📍,264,396
27,Monolithic Nagalinga,Lepakshi,Andhra Pradesh,14.1235,77.5972,Places to Visit,Oct-Apr,2500,"Monolithic Nagalinga is a popular travel spot near Lepakshi, Andhra Pradesh, offering a memorable mix of sightseeing, local culture and scenic experiences.",📍,300,450
28,Jatayu Theme Park,Lepakshi,Andhra Pradesh,14.1115,77.6092,Adventure,Sep-Feb,3000,"Jatayu Theme Park is a popular travel spot near Lepakshi, Andhra Pradesh, offering a memorable mix of sightseeing, local culture and scenic experiences.",🧗,360,540
29,Belum Caves,Kurnool,Andhra Pradesh,15.8281,78.0493,Adventure,Oct-Mar,1800,"Belum Caves is a popular travel spot near Kurnool, Andhra Pradesh, offering a memorable mix of sightseeing, local culture and scenic experiences.",🧗,216,324
30,Oravakallu Rock Garden,Kurnool,Andhra Pradesh,15.8401,78.0373,Adventure,Nov-Feb,2200,"Oravakallu Rock Garden is a popular travel spot near Kurnool, Andhra Pradesh, offering a memorable mix of sightseeing, local culture and scenic experiences.",🧗,264,396
31,Konda Reddy Fort,Kurnool,Andhra Pradesh,15.8281,78.0253,Fort,Oct-Apr,2500,"Konda Reddy Fort is a popular travel spot near Kurnool, Andhra Pradesh, offering a memorable mix of sightseeing, local culture and scenic experiences.",🏰,300,450
32,Rollapadu Wildlife Sanctuary,Kurnool,Andhra Pradesh,15.8161,78.0373,Wildlife,Sep-Feb,3000,"Rollapadu Wildlife Sanctuary is a popular travel spot near Kurnool, Andhra Pradesh, offering a memorable mix of sightseeing, local culture and scenic experiences.",🐅,360,540
33,Charminar,Hyderabad,Telangana,17.385,78.4987,Famous Landmark,Oct-Mar,1800,"Charminar is a popular travel spot near Hyderabad, Telangana, offering a memorable mix of sightseeing, local culture and scenic experiences.",🏙️,216,324
34,Golconda Fort,Hyderabad,Telangana,17.397,78.4867,Fort,Nov-Feb,2200,"Golconda Fort is a popular travel spot near Hyderabad, Telangana, offering a memorable mix of sightseeing, local culture and scenic experiences.",🏰,264,396
35,Hussain Sagar Lake,Hyderabad,Telangana,17.385,78.4747,Lake/Waterfall,Oct-Apr,2500,"Hussain Sagar Lake is a popular travel spot near Hyderabad, Telangana, offering a memorable mix of sightseeing, local culture and scenic experiences.",🏞️,300,450
36,Salar Jung Museum,Hyderabad,Telangana,17.373,78.4867,Historical/Heritage,Sep-Feb,3000,"Salar Jung Museum is a popular travel spot near Hyderabad, Telangana, offering a memorable mix of sightseeing, local culture and scenic experiences.",🏛️,360,540
37,Warangal Fort,Warangal,Telangana,17.9689,79.6061,Fort,Oct-Mar,1800,"Warangal Fort is a popular travel spot near Warangal, Telangana, offering a memorable mix of sightseeing, local culture and scenic experiences.",🏰,216,324
38,Thousand Pillar Temple,Warangal,Telangana,17.9809,79.5941,Temple,Nov-Feb,2200,"Thousand Pillar Temple is a popular travel spot near Warangal, Telangana, offering a memorable mix of sightseeing, local culture and scenic experiences.",🛕,264,396
39,Ramappa Temple,Warangal,Telangana,17.9689,79.5821,Temple,Oct-Apr,2500,"Ramappa Temple is a popular travel spot near Warangal, Telangana, offering a memorable mix of sightseeing, local culture and scenic experiences.",🛕,300,450
40,Pakhal Lake,Warangal,Telangana,17.9569,79.5941,Lake/Waterfall,Sep-Feb,3000,"Pakhal Lake is a popular travel spot near Warangal, Telangana, offering a memorable mix of sightseeing, local culture and scenic experiences.",🏞️,360,540
41,Pocharam Wildlife Sanctuary,Nizamabad,Telangana,18.6725,78.1061,Wildlife,Oct-Mar,1800,"Pocharam Wildlife Sanctuary is a popular travel spot near Nizamabad, Telangana, offering a memorable mix of sightseeing, local culture and scenic experiences.",🐅,216,324
42,Nizamabad Fort,Nizamabad,Telangana,18.6845,78.0941,Fort,Nov-Feb,2200,"Nizamabad Fort is a popular travel spot near Nizamabad, Telangana, offering a memorable mix of sightseeing, local culture and scenic experiences.",🏰,264,396
43,Ali Sagar Reservoir,Nizamabad,Telangana,18.6725,78.0821,Lake/Waterfall,Oct-Apr,2500,"Ali Sagar Reservoir is a popular travel spot near Nizamabad, Telangana, offering a memorable mix of sightseeing, local culture and scenic experiences.",🏞️,300,450
44,Mallaram Forest,Nizamabad,Telangana,18.6605,78.0941,Nature,Sep-Feb,3000,"Mallaram Forest is a popular travel spot near Nizamabad, Telangana, offering a memorable mix of sightseeing, local culture and scenic experiences.",🌿,360,540
45,Sri Sita Ramachandraswamy Temple,Bhadrachalam,Telangana,17.6688,80.9056,Temple,Oct-Mar,1800,"Sri Sita Ramachandraswamy Temple is a popular travel spot near Bhadrachalam, Telangana, offering a memorable mix of sightseeing, local culture and scenic experiences.",🛕,216,324
46,Godavari River Ghat,Bhadrachalam,Telangana,17.6808,80.8936,Lake/Waterfall,Nov-Feb,2200,"Godavari River Ghat is a popular travel spot near Bhadrachalam, Telangana, offering a memorable mix of sightseeing, local culture and scenic experiences.",🏞️,264,396
47,Parnasala,Bhadrachalam,Telangana,17.6688,80.8816,Places to Visit,Oct-Apr,2500,"Parnasala is a popular travel spot near Bhadrachalam, Telangana, offering a memorable mix of sightseeing, local culture and scenic experiences.",📍,300,450
48,Papikondalu Viewpoint,Bhadrachalam,Telangana,17.6568,80.8936,Nature,Sep-Feb,3000,"Papikondalu Viewpoint is a popular travel spot near Bhadrachalam, Telangana, offering a memorable mix of sightseeing, local culture and scenic experiences.",🌿,360,540
49,Marina Beach,Chennai,Tamil Nadu,13.0827,80.2827,Beach,Oct-Mar,1800,"Marina Beach is a popular travel spot near Chennai, Tamil Nadu, offering a memorable mix of sightseeing, local culture and scenic experiences.",🏖️,216,324
50,Kapaleeshwarar Temple,Chennai,Tamil Nadu,13.0947,80.2707,Temple,Nov-Feb,2200,"Kapaleeshwarar Temple is a popular travel spot near Chennai, Tamil Nadu, offering a memorable mix of sightseeing, local culture and scenic experiences.",🛕,264,396
51,Fort St George,Chennai,Tamil Nadu,13.0827,80.2587,Fort,Oct-Apr,2500,"Fort St George is a popular travel spot near Chennai, Tamil Nadu, offering a memorable mix of sightseeing, local culture and scenic experiences.",🏰,300,450
52,Government Museum,Chennai,Tamil Nadu,13.0707,80.2707,Historical/Heritage,Sep-Feb,3000,"Government Museum is a popular travel spot near Chennai, Tamil Nadu, offering a memorable mix of sightseeing, local culture and scenic experiences.",🏛️,360,540
53,Shore Temple,Mahabalipuram,Tamil Nadu,12.6269,80.2047,Temple,Oct-Mar,1800,"Shore Temple is a popular travel spot near Mahabalipuram, Tamil Nadu, offering a memorable mix of sightseeing, local culture and scenic experiences.",🛕,216,324
54,Arjuna's Penance,Mahabalipuram,Tamil Nadu,12.6389,80.1927,Historical/Heritage,Nov-Feb,2200,"Arjuna's Penance is a popular travel spot near Mahabalipuram, Tamil Nadu, offering a memorable mix of sightseeing, local culture and scenic experiences.",🏛️,264,396
55,Pancha Rathas,Mahabalipuram,Tamil Nadu,12.6269,80.1807,Historical/Heritage,Oct-Apr,2500,"Pancha Rathas is a popular travel spot near Mahabalipuram, Tamil Nadu, offering a memorable mix of sightseeing, local culture and scenic experiences.",🏛️,300,450
56,Mahabalipuram Beach,Mahabalipuram,Tamil Nadu,12.6149,80.1927,Beach,Sep-Feb,3000,"Mahabalipuram Beach is a popular travel spot near Mahabalipuram, Tamil Nadu, offering a memorable mix of sightseeing, local culture and scenic experiences.",🏖️,360,540
57,Meenakshi Amman Temple,Madurai,Tamil Nadu,9.9252,78.1318,Temple,Oct-Mar,1800,"Meenakshi Amman Temple is a popular travel spot near Madurai, Tamil Nadu, offering a memorable mix of sightseeing, local culture and scenic experiences.",🛕,216,324
58,Thirumalai Nayakkar Palace,Madurai,Tamil Nadu,9.9372,78.1198,Palace,Nov-Feb,2200,"Thirumalai Nayakkar Palace is a popular travel spot near Madurai, Tamil Nadu, offering a memorable mix of sightseeing, local culture and scenic experiences.",👑,264,396
59,Gandhi Memorial Museum,Madurai,Tamil Nadu,9.9252,78.1078,Historical/Heritage,Oct-Apr,2500,"Gandhi Memorial Museum is a popular travel spot near Madurai, Tamil Nadu, offering a memorable mix of sightseeing, local culture and scenic experiences.",🏛️,300,450
60,Vandiyur Mariamman Teppakulam,Madurai,Tamil Nadu,9.9132,78.1198,Places to Visit,Sep-Feb,3000,"Vandiyur Mariamman Teppakulam is a popular travel spot near Madurai, Tamil Nadu, offering a memorable mix of sightseeing, local culture and scenic experiences.",📍,360,540
61,Ooty Lake,Ooty,Tamil Nadu,11.4064,76.7052,Lake/Waterfall,Oct-Mar,1800,"Ooty Lake is a popular travel spot near Ooty, Tamil Nadu, offering a memorable mix of sightseeing, local culture and scenic experiences.",🏞️,216,324
62,Botanical Garden,Ooty,Tamil Nadu,11.4184,76.6932,Nature,Nov-Feb,2200,"Botanical Garden is a popular travel spot near Ooty, Tamil Nadu, offering a memorable mix of sightseeing, local culture and scenic experiences.",🌿,264,396
63,Doddabetta Peak,Ooty,Tamil Nadu,11.4064,76.6812,Hill Station,Oct-Apr,2500,"Doddabetta Peak is a popular travel spot near Ooty, Tamil Nadu, offering a memorable mix of sightseeing, local culture and scenic experiences.",🌄,300,450
64,Nilgiri Mountain Railway,Ooty,Tamil Nadu,11.3944,76.6932,Historical/Heritage,Sep-Feb,3000,"Nilgiri Mountain Railway is a popular travel spot near Ooty, Tamil Nadu, offering a memorable mix of sightseeing, local culture and scenic experiences.",🏛️,360,540
65,Kodaikanal Lake,Kodaikanal,Tamil Nadu,10.2381,77.5012,Lake/Waterfall,Oct-Mar,1800,"Kodaikanal Lake is a popular travel spot near Kodaikanal, Tamil Nadu, offering a memorable mix of sightseeing, local culture and scenic experiences.",🏞️,216,324
66,Coaker's Walk,Kodaikanal,Tamil Nadu,10.2501,77.4892,Nature,Nov-Feb,2200,"Coaker's Walk is a popular travel spot near Kodaikanal, Tamil Nadu, offering a memorable mix of sightseeing, local culture and scenic experiences.",🌿,264,396
67,Pillar Rocks,Kodaikanal,Tamil Nadu,10.2381,77.4772,Places to Visit,Oct-Apr,2500,"Pillar Rocks is a popular travel spot near Kodaikanal, Tamil Nadu, offering a memorable mix of sightseeing, local culture and scenic experiences.",📍,300,450
68,Bryant Park,Kodaikanal,Tamil Nadu,10.2261,77.4892,Places to Visit,Sep-Feb,3000,"Bryant Park is a popular travel spot near Kodaikanal, Tamil Nadu, offering a memorable mix of sightseeing, local culture and scenic experiences.",📍,360,540
69,Ramanathaswamy Temple,Rameswaram,Tamil Nadu,9.2876,79.3249,Temple,Oct-Mar,1800,"Ramanathaswamy Temple is a popular travel spot near Rameswaram, Tamil Nadu, offering a memorable mix of sightseeing, local culture and scenic experiences.",🛕,216,324
70,Pamban Bridge,Rameswaram,Tamil Nadu,9.2996,79.3129,Hill Station,Nov-Feb,2200,"Pamban Bridge is a popular travel spot near Rameswaram, Tamil Nadu, offering a memorable mix of sightseeing, local culture and scenic experiences.",🌄,264,396
71,Dhanushkodi,Rameswaram,Tamil Nadu,9.2876,79.3009,Places to Visit,Oct-Apr,2500,"Dhanushkodi is a popular travel spot near Rameswaram, Tamil Nadu, offering a memorable mix of sightseeing, local culture and scenic experiences.",📍,300,450
72,Ariyaman Beach,Rameswaram,Tamil Nadu,9.2756,79.3129,Beach,Sep-Feb,3000,"Ariyaman Beach is a popular travel spot near Rameswaram, Tamil Nadu, offering a memorable mix of sightseeing, local culture and scenic experiences.",🏖️,360,540
73,Brihadeeswarar Temple,Thanjavur,Tamil Nadu,10.787,79.1498,Temple,Oct-Mar,1800,"Brihadeeswarar Temple is a popular travel spot near Thanjavur, Tamil Nadu, offering a memorable mix of sightseeing, local culture and scenic experiences.",🛕,216,324
74,Thanjavur Palace,Thanjavur,Tamil Nadu,10.799,79.1378,Palace,Nov-Feb,2200,"Thanjavur Palace is a popular travel spot near Thanjavur, Tamil Nadu, offering a memorable mix of sightseeing, local culture and scenic experiences.",👑,264,396
75,Saraswathi Mahal Library,Thanjavur,Tamil Nadu,10.787,79.1258,Historical/Heritage,Oct-Apr,2500,"Saraswathi Mahal Library is a popular travel spot near Thanjavur, Tamil Nadu, offering a memorable mix of sightseeing, local culture and scenic experiences.",🏛️,300,450
76,Sivaganga Park,Thanjavur,Tamil Nadu,10.775,79.1378,Places to Visit,Sep-Feb,3000,"Sivaganga Park is a popular travel spot near Thanjavur, Tamil Nadu, offering a memorable mix of sightseeing, local culture and scenic experiences.",📍,360,540
77,Vivekananda Rock Memorial,Kanyakumari,Tamil Nadu,8.0883,77.5505,Famous Landmark,Oct-Mar,1800,"Vivekananda Rock Memorial is a popular travel spot near Kanyakumari, Tamil Nadu, offering a memorable mix of sightseeing, local culture and scenic experiences.",🏙️,216,324
78,Thiruvalluvar Statue,Kanyakumari,Tamil Nadu,8.1003,77.5385,Famous Landmark,Nov-Feb,2200,"Thiruvalluvar Statue is a popular travel spot near Kanyakumari, Tamil Nadu, offering a memorable mix of sightseeing, local culture and scenic experiences.",🏙️,264,396
79,Kanyakumari Beach,Kanyakumari,Tamil Nadu,8.0883,77.5265,Beach,Oct-Apr,2500,"Kanyakumari Beach is a popular travel spot near Kanyakumari, Tamil Nadu, offering a memorable mix of sightseeing, local culture and scenic experiences.",🏖️,300,450
80,Sunset Point,Kanyakumari,Tamil Nadu,8.0763,77.5385,Places to Visit,Sep-Feb,3000,"Sunset Point is a popular travel spot near Kanyakumari, Tamil Nadu, offering a memorable mix of sightseeing, local culture and scenic experiences.",📍,360,540
81,Fort Kochi,Kochi,Kerala,9.9312,76.2793,Fort,Oct-Mar,1800,"Fort Kochi is a popular travel spot near Kochi, Kerala, offering a memorable mix of sightseeing, local culture and scenic experiences.",🏰,216,324
82,Chinese Fishing Nets,Kochi,Kerala,9.9432,76.2673,Places to Visit,Nov-Feb,2200,"Chinese Fishing Nets is a popular travel spot near Kochi, Kerala, offering a memorable mix of sightseeing, local culture and scenic experiences.",📍,264,396
83,Mattancherry Palace,Kochi,Kerala,9.9312,76.2553,Palace,Oct-Apr,2500,"Mattancherry Palace is a popular travel spot near Kochi, Kerala, offering a memorable mix of sightseeing, local culture and scenic experiences.",👑,300,450
84,St Francis Church,Kochi,Kerala,9.9192,76.2673,Spiritual,Sep-Feb,3000,"St Francis Church is a popular travel spot near Kochi, Kerala, offering a memorable mix of sightseeing, local culture and scenic experiences.",🕍,360,540
85,Tea Museum,Munnar,Kerala,10.0889,77.0715,Historical/Heritage,Oct-Mar,1800,"Tea Museum is a popular travel spot near Munnar, Kerala, offering a memorable mix of sightseeing, local culture and scenic experiences.",🏛️,216,324
86,Eravikulam National Park,Munnar,Kerala,10.1009,77.0595,Wildlife,Nov-Feb,2200,"Eravikulam National Park is a popular travel spot near Munnar, Kerala, offering a memorable mix of sightseeing, local culture and scenic experiences.",🐅,264,396
87,Mattupetty Dam,Munnar,Kerala,10.0889,77.0475,Lake/Waterfall,Oct-Apr,2500,"Mattupetty Dam is a popular travel spot near Munnar, Kerala, offering a memorable mix of sightseeing, local culture and scenic experiences.",🏞️,300,450
88,Top Station,Munnar,Kerala,10.0769,77.0595,Places to Visit,Sep-Feb,3000,"Top Station is a popular travel spot near Munnar, Kerala, offering a memorable mix of sightseeing, local culture and scenic experiences.",📍,360,540
89,Alappuzha Beach,Alappuzha,Kerala,9.4981,76.3508,Beach,Oct-Mar,1800,"Alappuzha Beach is a popular travel spot near Alappuzha, Kerala, offering a memorable mix of sightseeing, local culture and scenic experiences.",🏖️,216,324
90,Vembanad Lake,Alappuzha,Kerala,9.5101,76.3388,Lake/Waterfall,Nov-Feb,2200,"Vembanad Lake is a popular travel spot near Alappuzha, Kerala, offering a memorable mix of sightseeing, local culture and scenic experiences.",🏞️,264,396
91,Backwaters,Alappuzha,Kerala,9.4981,76.3268,Lake/Waterfall,Oct-Apr,2500,"Backwaters is a popular travel spot near Alappuzha, Kerala, offering a memorable mix of sightseeing, local culture and scenic experiences.",🏞️,300,450
92,Alappuzha Lighthouse,Alappuzha,Kerala,9.4861,76.3388,Places to Visit,Sep-Feb,3000,"Alappuzha Lighthouse is a popular travel spot near Alappuzha, Kerala, offering a memorable mix of sightseeing, local culture and scenic experiences.",📍,360,540
93,Kovalam Beach,Kovalam,Kerala,8.4004,76.9907,Beach,Oct-Mar,1800,"Kovalam Beach is a popular travel spot near Kovalam, Kerala, offering a memorable mix of sightseeing, local culture and scenic experiences.",🏖️,216,324
94,Lighthouse Beach,Kovalam,Kerala,8.4124,76.9787,Beach,Nov-Feb,2200,"Lighthouse Beach is a popular travel spot near Kovalam, Kerala, offering a memorable mix of sightseeing, local culture and scenic experiences.",🏖️,264,396
95,Hawa Beach,Kovalam,Kerala,8.4004,76.9667,Beach,Oct-Apr,2500,"Hawa Beach is a popular travel spot near Kovalam, Kerala, offering a memorable mix of sightseeing, local culture and scenic experiences.",🏖️,300,450
96,Vizhinjam Harbour,Kovalam,Kerala,8.3884,76.9787,Places to Visit,Sep-Feb,3000,"Vizhinjam Harbour is a popular travel spot near Kovalam, Kerala, offering a memorable mix of sightseeing, local culture and scenic experiences.",📍,360,540
97,Periyar Wildlife Sanctuary,Thekkady,Kerala,9.6031,77.173,Wildlife,Oct-Mar,1800,"Periyar Wildlife Sanctuary is a popular travel spot near Thekkady, Kerala, offering a memorable mix of sightseeing, local culture and scenic experiences.",🐅,216,324
98,Periyar Lake,Thekkady,Kerala,9.6151,77.161,Lake/Waterfall,Nov-Feb,2200,"Periyar Lake is a popular travel spot near Thekkady, Kerala, offering a memorable mix of sightseeing, local culture and scenic experiences.",🏞️,264,396
99,Bamboo Rafting Point,Thekkady,Kerala,9.6031,77.149,Adventure,Oct-Apr,2500,"Bamboo Rafting Point is a popular travel spot near Thekkady, Kerala, offering a memorable mix of sightseeing, local culture and scenic experiences.",🧗,300,450
100,Spice Garden,Thekkady,Kerala,9.5911,77.161,Nature,Sep-Feb,3000,"Spice Garden is a popular travel spot near Thekkady, Kerala, offering a memorable mix of sightseeing, local culture and scenic experiences.",🌿,360,540
101,Edakkal Caves,Wayanad,Kerala,11.6854,76.144,Adventure,Oct-Mar,1800,"Edakkal Caves is a popular travel spot near Wayanad, Kerala, offering a memorable mix of sightseeing, local culture and scenic experiences.",🧗,216,324
102,Soochipara Falls,Wayanad,Kerala,11.6974,76.132,Lake/Waterfall,Nov-Feb,2200,"Soochipara Falls is a popular travel spot near Wayanad, Kerala, offering a memorable mix of sightseeing, local culture and scenic experiences.",🏞️,264,396
103,Banasura Sagar Dam,Wayanad,Kerala,11.6854,76.12,Lake/Waterfall,Oct-Apr,2500,"Banasura Sagar Dam is a popular travel spot near Wayanad, Kerala, offering a memorable mix of sightseeing, local culture and scenic experiences.",🏞️,300,450
104,Chembra Peak,Wayanad,Kerala,11.6734,76.132,Hill Station,Sep-Feb,3000,"Chembra Peak is a popular travel spot near Wayanad, Kerala, offering a memorable mix of sightseeing, local culture and scenic experiences.",🌄,360,540
105,Varkala Cliff,Varkala,Kerala,8.7379,76.7283,Places to Visit,Oct-Mar,1800,"Varkala Cliff is a popular travel spot near Varkala, Kerala, offering a memorable mix of sightseeing, local culture and scenic experiences.",📍,216,324
106,Papanasam Beach,Varkala,Kerala,8.7499,76.7163,Beach,Nov-Feb,2200,"Papanasam Beach is a popular travel spot near Varkala, Kerala, offering a memorable mix of sightseeing, local culture and scenic experiences.",🏖️,264,396
107,Janardhana Swamy Temple,Varkala,Kerala,8.7379,76.7043,Temple,Oct-Apr,2500,"Janardhana Swamy Temple is a popular travel spot near Varkala, Kerala, offering a memorable mix of sightseeing, local culture and scenic experiences.",🛕,300,450
108,Kappil Beach,Varkala,Kerala,8.7259,76.7163,Beach,Sep-Feb,3000,"Kappil Beach is a popular travel spot near Varkala, Kerala, offering a memorable mix of sightseeing, local culture and scenic experiences.",🏖️,360,540
109,Lalbagh Botanical Garden,Bengaluru,Karnataka,12.9716,77.6066,Nature,Oct-Mar,1800,"Lalbagh Botanical Garden is a popular travel spot near Bengaluru, Karnataka, offering a memorable mix of sightseeing, local culture and scenic experiences.",🌿,216,324
110,Bangalore Palace,Bengaluru,Karnataka,12.9836,77.5946,Palace,Nov-Feb,2200,"Bangalore Palace is a popular travel spot near Bengaluru, Karnataka, offering a memorable mix of sightseeing, local culture and scenic experiences.",👑,264,396
111,Cubbon Park,Bengaluru,Karnataka,12.9716,77.5826,Places to Visit,Oct-Apr,2500,"Cubbon Park is a popular travel spot near Bengaluru, Karnataka, offering a memorable mix of sightseeing, local culture and scenic experiences.",📍,300,450
112,Vidhana Soudha,Bengaluru,Karnataka,12.9596,77.5946,Famous Landmark,Sep-Feb,3000,"Vidhana Soudha is a popular travel spot near Bengaluru, Karnataka, offering a memorable mix of sightseeing, local culture and scenic experiences.",🏙️,360,540
113,Mysore Palace,Mysuru,Karnataka,12.2958,76.6514,Palace,Oct-Mar,1800,"Mysore Palace is a popular travel spot near Mysuru, Karnataka, offering a memorable mix of sightseeing, local culture and scenic experiences.",👑,216,324
114,Chamundi Hill,Mysuru,Karnataka,12.3078,76.6394,Places to Visit,Nov-Feb,2200,"Chamundi Hill is a popular travel spot near Mysuru, Karnataka, offering a memorable mix of sightseeing, local culture and scenic experiences.",📍,264,396
115,Brindavan Gardens,Mysuru,Karnataka,12.2958,76.6274,Nature,Oct-Apr,2500,"Brindavan Gardens is a popular travel spot near Mysuru, Karnataka, offering a memorable mix of sightseeing, local culture and scenic experiences.",🌿,300,450
116,St Philomena's Cathedral,Mysuru,Karnataka,12.2838,76.6394,Historical/Heritage,Sep-Feb,3000,"St Philomena's Cathedral is a popular travel spot near Mysuru, Karnataka, offering a memorable mix of sightseeing, local culture and scenic experiences.",🏛️,360,540
117,Virupaksha Temple,Hampi,Karnataka,15.335,76.472,Temple,Oct-Mar,1800,"Virupaksha Temple is a popular travel spot near Hampi, Karnataka, offering a memorable mix of sightseeing, local culture and scenic experiences.",🛕,216,324
118,Vittala Temple,Hampi,Karnataka,15.347,76.46,Temple,Nov-Feb,2200,"Vittala Temple is a popular travel spot near Hampi, Karnataka, offering a memorable mix of sightseeing, local culture and scenic experiences.",🛕,264,396
119,Hampi Bazaar,Hampi,Karnataka,15.335,76.448,Famous Landmark,Oct-Apr,2500,"Hampi Bazaar is a popular travel spot near Hampi, Karnataka, offering a memorable mix of sightseeing, local culture and scenic experiences.",🏙️,300,450
120,Matanga Hill,Hampi,Karnataka,15.323,76.46,Places to Visit,Sep-Feb,3000,"Matanga Hill is a popular travel spot near Hampi, Karnataka, offering a memorable mix of sightseeing, local culture and scenic experiences.",📍,360,540
121,Abbey Falls,Coorg,Karnataka,12.3375,75.8189,Lake/Waterfall,Oct-Mar,1800,"Abbey Falls is a popular travel spot near Coorg, Karnataka, offering a memorable mix of sightseeing, local culture and scenic experiences.",🏞️,216,324
122,Raja's Seat,Coorg,Karnataka,12.3495,75.8069,Places to Visit,Nov-Feb,2200,"Raja's Seat is a popular travel spot near Coorg, Karnataka, offering a memorable mix of sightseeing, local culture and scenic experiences.",📍,264,396
123,Dubare Elephant Camp,Coorg,Karnataka,12.3375,75.7949,Wildlife,Oct-Apr,2500,"Dubare Elephant Camp is a popular travel spot near Coorg, Karnataka, offering a memorable mix of sightseeing, local culture and scenic experiences.",🐅,300,450
124,Mandalpatti,Coorg,Karnataka,12.3255,75.8069,Nature,Sep-Feb,3000,"Mandalpatti is a popular travel spot near Coorg, Karnataka, offering a memorable mix of sightseeing, local culture and scenic experiences.",🌿,360,540
125,Om Beach,Gokarna,Karnataka,14.5479,74.3308,Beach,Oct-Mar,1800,"Om Beach is a popular travel spot near Gokarna, Karnataka, offering a memorable mix of sightseeing, local culture and scenic experiences.",🏖️,216,324
126,Kudle Beach,Gokarna,Karnataka,14.5599,74.3188,Beach,Nov-Feb,2200,"Kudle Beach is a popular travel spot near Gokarna, Karnataka, offering a memorable mix of sightseeing, local culture and scenic experiences.",🏖️,264,396
127,Mahabaleshwar Temple,Gokarna,Karnataka,14.5479,74.3068,Temple,Oct-Apr,2500,"Mahabaleshwar Temple is a popular travel spot near Gokarna, Karnataka, offering a memorable mix of sightseeing, local culture and scenic experiences.",🛕,300,450
128,Half Moon Beach,Gokarna,Karnataka,14.5359,74.3188,Beach,Sep-Feb,3000,"Half Moon Beach is a popular travel spot near Gokarna, Karnataka, offering a memorable mix of sightseeing, local culture and scenic experiences.",🏖️,360,540
129,Mullayanagiri,Chikmagalur,Karnataka,13.3161,75.784,Places to Visit,Oct-Mar,1800,"Mullayanagiri is a popular travel spot near Chikmagalur, Karnataka, offering a memorable mix of sightseeing, local culture and scenic experiences.",📍,216,324
130,Baba Budangiri,Chikmagalur,Karnataka,13.3281,75.772,Places to Visit,Nov-Feb,2200,"Baba Budangiri is a popular travel spot near Chikmagalur, Karnataka, offering a memorable mix of sightseeing, local culture and scenic experiences.",📍,264,396
131,Hebbe Falls,Chikmagalur,Karnataka,13.3161,75.76,Lake/Waterfall,Oct-Apr,2500,"Hebbe Falls is a popular travel spot near Chikmagalur, Karnataka, offering a memorable mix of sightseeing, local culture and scenic experiences.",🏞️,300,450
132,Hirekolale Lake,Chikmagalur,Karnataka,13.3041,75.772,Lake/Waterfall,Sep-Feb,3000,"Hirekolale Lake is a popular travel spot near Chikmagalur, Karnataka, offering a memorable mix of sightseeing, local culture and scenic experiences.",🏞️,360,540
133,Udupi Sri Krishna Temple,Udupi,Karnataka,13.3409,74.7541,Temple,Oct-Mar,1800,"Udupi Sri Krishna Temple is a popular travel spot near Udupi, Karnataka, offering a memorable mix of sightseeing, local culture and scenic experiences.",🛕,216,324
134,Malpe Beach,Udupi,Karnataka,13.3529,74.7421,Beach,Nov-Feb,2200,"Malpe Beach is a popular travel spot near Udupi, Karnataka, offering a memorable mix of sightseeing, local culture and scenic experiences.",🏖️,264,396
135,St Mary's Island,Udupi,Karnataka,13.3409,74.7301,Places to Visit,Oct-Apr,2500,"St Mary's Island is a popular travel spot near Udupi, Karnataka, offering a memorable mix of sightseeing, local culture and scenic experiences.",📍,300,450
136,Kaup Beach,Udupi,Karnataka,13.3289,74.7421,Beach,Sep-Feb,3000,"Kaup Beach is a popular travel spot near Udupi, Karnataka, offering a memorable mix of sightseeing, local culture and scenic experiences.",🏖️,360,540
137,Miramar Beach,Panaji,Goa,15.4909,73.8398,Beach,Oct-Mar,1800,"Miramar Beach is a popular travel spot near Panaji, Goa, offering a memorable mix of sightseeing, local culture and scenic experiences.",🏖️,216,324
138,Dona Paula,Panaji,Goa,15.5029,73.8278,Places to Visit,Nov-Feb,2200,"Dona Paula is a popular travel spot near Panaji, Goa, offering a memorable mix of sightseeing, local culture and scenic experiences.",📍,264,396
139,Fontainhas,Panaji,Goa,15.4909,73.8158,Historical/Heritage,Oct-Apr,2500,"Fontainhas is a popular travel spot near Panaji, Goa, offering a memorable mix of sightseeing, local culture and scenic experiences.",🏛️,300,450
140,Basilica of Bom Jesus,Panaji,Goa,15.4789,73.8278,Spiritual,Sep-Feb,3000,"Basilica of Bom Jesus is a popular travel spot near Panaji, Goa, offering a memorable mix of sightseeing, local culture and scenic experiences.",🕍,360,540
141,Baga Beach,North Goa,Goa,15.5937,73.756,Beach,Oct-Mar,1800,"Baga Beach is a popular travel spot near North Goa, Goa, offering a memorable mix of sightseeing, local culture and scenic experiences.",🏖️,216,324
142,Calangute Beach,North Goa,Goa,15.6057,73.744,Beach,Nov-Feb,2200,"Calangute Beach is a popular travel spot near North Goa, Goa, offering a memorable mix of sightseeing, local culture and scenic experiences.",🏖️,264,396
143,Fort Aguada,North Goa,Goa,15.5937,73.732,Fort,Oct-Apr,2500,"Fort Aguada is a popular travel spot near North Goa, Goa, offering a memorable mix of sightseeing, local culture and scenic experiences.",🏰,300,450
144,Anjuna Beach,North Goa,Goa,15.5817,73.744,Beach,Sep-Feb,3000,"Anjuna Beach is a popular travel spot near North Goa, Goa, offering a memorable mix of sightseeing, local culture and scenic experiences.",🏖️,360,540
145,Palolem Beach,South Goa,Goa,15.1544,74.0366,Beach,Oct-Mar,1800,"Palolem Beach is a popular travel spot near South Goa, Goa, offering a memorable mix of sightseeing, local culture and scenic experiences.",🏖️,216,324
146,Colva Beach,South Goa,Goa,15.1664,74.0246,Beach,Nov-Feb,2200,"Colva Beach is a popular travel spot near South Goa, Goa, offering a memorable mix of sightseeing, local culture and scenic experiences.",🏖️,264,396
147,Cabo de Rama Fort,South Goa,Goa,15.1544,74.0126,Fort,Oct-Apr,2500,"Cabo de Rama Fort is a popular travel spot near South Goa, Goa, offering a memorable mix of sightseeing, local culture and scenic experiences.",🏰,300,450
148,Agonda Beach,South Goa,Goa,15.1424,74.0246,Beach,Sep-Feb,3000,"Agonda Beach is a popular travel spot near South Goa, Goa, offering a memorable mix of sightseeing, local culture and scenic experiences.",🏖️,360,540
149,Gateway of India,Mumbai,Maharashtra,19.076,72.8897,Famous Landmark,Oct-Mar,1800,"Gateway of India is a popular travel spot near Mumbai, Maharashtra, offering a memorable mix of sightseeing, local culture and scenic experiences.",🏙️,216,324
150,Marine Drive,Mumbai,Maharashtra,19.088,72.8777,Famous Landmark,Nov-Feb,2200,"Marine Drive is a popular travel spot near Mumbai, Maharashtra, offering a memorable mix of sightseeing, local culture and scenic experiences.",🏙️,264,396
151,Chhatrapati Shivaji Maharaj Terminus,Mumbai,Maharashtra,19.076,72.8657,Places to Visit,Oct-Apr,2500,"Chhatrapati Shivaji Maharaj Terminus is a popular travel spot near Mumbai, Maharashtra, offering a memorable mix of sightseeing, local culture and scenic experiences.",📍,300,450
152,Elephanta Caves,Mumbai,Maharashtra,19.064,72.8777,Adventure,Sep-Feb,3000,"Elephanta Caves is a popular travel spot near Mumbai, Maharashtra, offering a memorable mix of sightseeing, local culture and scenic experiences.",🧗,360,540
153,Shaniwar Wada,Pune,Maharashtra,18.5204,73.8687,Places to Visit,Oct-Mar,1800,"Shaniwar Wada is a popular travel spot near Pune, Maharashtra, offering a memorable mix of sightseeing, local culture and scenic experiences.",📍,216,324
154,Aga Khan Palace,Pune,Maharashtra,18.5324,73.8567,Palace,Nov-Feb,2200,"Aga Khan Palace is a popular travel spot near Pune, Maharashtra, offering a memorable mix of sightseeing, local culture and scenic experiences.",👑,264,396
155,Sinhagad Fort,Pune,Maharashtra,18.5204,73.8447,Fort,Oct-Apr,2500,"Sinhagad Fort is a popular travel spot near Pune, Maharashtra, offering a memorable mix of sightseeing, local culture and scenic experiences.",🏰,300,450
156,Pataleshwar Cave Temple,Pune,Maharashtra,18.5084,73.8567,Temple,Sep-Feb,3000,"Pataleshwar Cave Temple is a popular travel spot near Pune, Maharashtra, offering a memorable mix of sightseeing, local culture and scenic experiences.",🛕,360,540
157,Venna Lake,Mahabaleshwar,Maharashtra,17.9307,73.6597,Lake/Waterfall,Oct-Mar,1800,"Venna Lake is a popular travel spot near Mahabaleshwar, Maharashtra, offering a memorable mix of sightseeing, local culture and scenic experiences.",🏞️,216,324
158,Pratapgad Fort,Mahabaleshwar,Maharashtra,17.9427,73.6477,Fort,Nov-Feb,2200,"Pratapgad Fort is a popular travel spot near Mahabaleshwar, Maharashtra, offering a memorable mix of sightseeing, local culture and scenic experiences.",🏰,264,396
159,Arthur's Seat,Mahabaleshwar,Maharashtra,17.9307,73.6357,Places to Visit,Oct-Apr,2500,"Arthur's Seat is a popular travel spot near Mahabaleshwar, Maharashtra, offering a memorable mix of sightseeing, local culture and scenic experiences.",📍,300,450
160,Mapro Garden,Mahabaleshwar,Maharashtra,17.9187,73.6477,Nature,Sep-Feb,3000,"Mapro Garden is a popular travel spot near Mahabaleshwar, Maharashtra, offering a memorable mix of sightseeing, local culture and scenic experiences.",🌿,360,540
161,Sula Vineyards,Nashik,Maharashtra,19.9975,73.8018,Nature,Oct-Mar,1800,"Sula Vineyards is a popular travel spot near Nashik, Maharashtra, offering a memorable mix of sightseeing, local culture and scenic experiences.",🌿,216,324
162,Trimbakeshwar Temple,Nashik,Maharashtra,20.0095,73.7898,Temple,Nov-Feb,2200,"Trimbakeshwar Temple is a popular travel spot near Nashik, Maharashtra, offering a memorable mix of sightseeing, local culture and scenic experiences.",🛕,264,396
163,Pandavleni Caves,Nashik,Maharashtra,19.9975,73.7778,Adventure,Oct-Apr,2500,"Pandavleni Caves is a popular travel spot near Nashik, Maharashtra, offering a memorable mix of sightseeing, local culture and scenic experiences.",🧗,300,450
164,Godavari Ghat,Nashik,Maharashtra,19.9855,73.7898,Lake/Waterfall,Sep-Feb,3000,"Godavari Ghat is a popular travel spot near Nashik, Maharashtra, offering a memorable mix of sightseeing, local culture and scenic experiences.",🏞️,360,540
165,Ajanta Caves,Aurangabad,Maharashtra,19.8762,75.3553,Adventure,Oct-Mar,1800,"Ajanta Caves is a popular travel spot near Aurangabad, Maharashtra, offering a memorable mix of sightseeing, local culture and scenic experiences.",🧗,216,324
166,Ellora Caves,Aurangabad,Maharashtra,19.8882,75.3433,Adventure,Nov-Feb,2200,"Ellora Caves is a popular travel spot near Aurangabad, Maharashtra, offering a memorable mix of sightseeing, local culture and scenic experiences.",🧗,264,396
167,Bibi Ka Maqbara,Aurangabad,Maharashtra,19.8762,75.3313,Places to Visit,Oct-Apr,2500,"Bibi Ka Maqbara is a popular travel spot near Aurangabad, Maharashtra, offering a memorable mix of sightseeing, local culture and scenic experiences.",📍,300,450
168,Daulatabad Fort,Aurangabad,Maharashtra,19.8642,75.3433,Fort,Sep-Feb,3000,"Daulatabad Fort is a popular travel spot near Aurangabad, Maharashtra, offering a memorable mix of sightseeing, local culture and scenic experiences.",🏰,360,540
169,Amber Fort,Jaipur,Rajasthan,26.9124,75.7993,Fort,Oct-Mar,1800,"Amber Fort is a popular travel spot near Jaipur, Rajasthan, offering a memorable mix of sightseeing, local culture and scenic experiences.",🏰,216,324
170,Hawa Mahal,Jaipur,Rajasthan,26.9244,75.7873,Famous Landmark,Nov-Feb,2200,"Hawa Mahal is a popular travel spot near Jaipur, Rajasthan, offering a memorable mix of sightseeing, local culture and scenic experiences.",🏙️,264,396
171,City Palace,Jaipur,Rajasthan,26.9124,75.7753,Palace,Oct-Apr,2500,"City Palace is a popular travel spot near Jaipur, Rajasthan, offering a memorable mix of sightseeing, local culture and scenic experiences.",👑,300,450
172,Jantar Mantar,Jaipur,Rajasthan,26.9004,75.7873,Historical/Heritage,Sep-Feb,3000,"Jantar Mantar is a popular travel spot near Jaipur, Rajasthan, offering a memorable mix of sightseeing, local culture and scenic experiences.",🏛️,360,540
173,City Palace,Udaipur,Rajasthan,24.5854,73.7245,Palace,Oct-Mar,1800,"City Palace is a popular travel spot near Udaipur, Rajasthan, offering a memorable mix of sightseeing, local culture and scenic experiences.",👑,216,324
174,Lake Pichola,Udaipur,Rajasthan,24.5974,73.7125,Lake/Waterfall,Nov-Feb,2200,"Lake Pichola is a popular travel spot near Udaipur, Rajasthan, offering a memorable mix of sightseeing, local culture and scenic experiences.",🏞️,264,396
175,Jag Mandir,Udaipur,Rajasthan,24.5854,73.7005,Temple,Oct-Apr,2500,"Jag Mandir is a popular travel spot near Udaipur, Rajasthan, offering a memorable mix of sightseeing, local culture and scenic experiences.",🛕,300,450
176,Saheliyon Ki Bari,Udaipur,Rajasthan,24.5734,73.7125,Places to Visit,Sep-Feb,3000,"Saheliyon Ki Bari is a popular travel spot near Udaipur, Rajasthan, offering a memorable mix of sightseeing, local culture and scenic experiences.",📍,360,540
177,Mehrangarh Fort,Jodhpur,Rajasthan,26.2389,73.0363,Fort,Oct-Mar,1800,"Mehrangarh Fort is a popular travel spot near Jodhpur, Rajasthan, offering a memorable mix of sightseeing, local culture and scenic experiences.",🏰,216,324
178,Jaswant Thada,Jodhpur,Rajasthan,26.2509,73.0243,Places to Visit,Nov-Feb,2200,"Jaswant Thada is a popular travel spot near Jodhpur, Rajasthan, offering a memorable mix of sightseeing, local culture and scenic experiences.",📍,264,396
179,Umaid Bhawan Palace,Jodhpur,Rajasthan,26.2389,73.0123,Palace,Oct-Apr,2500,"Umaid Bhawan Palace is a popular travel spot near Jodhpur, Rajasthan, offering a memorable mix of sightseeing, local culture and scenic experiences.",👑,300,450
180,Toorji Ka Jhalra,Jodhpur,Rajasthan,26.2269,73.0243,Places to Visit,Sep-Feb,3000,"Toorji Ka Jhalra is a popular travel spot near Jodhpur, Rajasthan, offering a memorable mix of sightseeing, local culture and scenic experiences.",📍,360,540
181,Jaisalmer Fort,Jaisalmer,Rajasthan,26.9157,70.9203,Fort,Oct-Mar,1800,"Jaisalmer Fort is a popular travel spot near Jaisalmer, Rajasthan, offering a memorable mix of sightseeing, local culture and scenic experiences.",🏰,216,324
182,Sam Sand Dunes,Jaisalmer,Rajasthan,26.9277,70.9083,Adventure,Nov-Feb,2200,"Sam Sand Dunes is a popular travel spot near Jaisalmer, Rajasthan, offering a memorable mix of sightseeing, local culture and scenic experiences.",🧗,264,396
183,Patwon Ki Haveli,Jaisalmer,Rajasthan,26.9157,70.8963,Places to Visit,Oct-Apr,2500,"Patwon Ki Haveli is a popular travel spot near Jaisalmer, Rajasthan, offering a memorable mix of sightseeing, local culture and scenic experiences.",📍,300,450
184,Gadisar Lake,Jaisalmer,Rajasthan,26.9037,70.9083,Lake/Waterfall,Sep-Feb,3000,"Gadisar Lake is a popular travel spot near Jaisalmer, Rajasthan, offering a memorable mix of sightseeing, local culture and scenic experiences.",🏞️,360,540
185,Pushkar Lake,Pushkar,Rajasthan,26.489,74.5631,Lake/Waterfall,Oct-Mar,1800,"Pushkar Lake is a popular travel spot near Pushkar, Rajasthan, offering a memorable mix of sightseeing, local culture and scenic experiences.",🏞️,216,324
186,Brahma Temple,Pushkar,Rajasthan,26.501,74.5511,Temple,Nov-Feb,2200,"Brahma Temple is a popular travel spot near Pushkar, Rajasthan, offering a memorable mix of sightseeing, local culture and scenic experiences.",🛕,264,396
187,Savitri Temple,Pushkar,Rajasthan,26.489,74.5391,Temple,Oct-Apr,2500,"Savitri Temple is a popular travel spot near Pushkar, Rajasthan, offering a memorable mix of sightseeing, local culture and scenic experiences.",🛕,300,450
188,Pushkar Bazaar,Pushkar,Rajasthan,26.477,74.5511,Places to Visit,Sep-Feb,3000,"Pushkar Bazaar is a popular travel spot near Pushkar, Rajasthan, offering a memorable mix of sightseeing, local culture and scenic experiences.",📍,360,540
189,Dilwara Temples,Mount Abu,Rajasthan,24.5926,72.7276,Temple,Oct-Mar,1800,"Dilwara Temples is a popular travel spot near Mount Abu, Rajasthan, offering a memorable mix of sightseeing, local culture and scenic experiences.",🛕,216,324
190,Nakki Lake,Mount Abu,Rajasthan,24.6046,72.7156,Lake/Waterfall,Nov-Feb,2200,"Nakki Lake is a popular travel spot near Mount Abu, Rajasthan, offering a memorable mix of sightseeing, local culture and scenic experiences.",🏞️,264,396
191,Guru Shikhar,Mount Abu,Rajasthan,24.5926,72.7036,Places to Visit,Oct-Apr,2500,"Guru Shikhar is a popular travel spot near Mount Abu, Rajasthan, offering a memorable mix of sightseeing, local culture and scenic experiences.",📍,300,450
192,Sunset Point,Mount Abu,Rajasthan,24.5806,72.7156,Places to Visit,Sep-Feb,3000,"Sunset Point is a popular travel spot near Mount Abu, Rajasthan, offering a memorable mix of sightseeing, local culture and scenic experiences.",📍,360,540
193,Junagarh Fort,Bikaner,Rajasthan,28.0229,73.3239,Fort,Oct-Mar,1800,"Junagarh Fort is a popular travel spot near Bikaner, Rajasthan, offering a memorable mix of sightseeing, local culture and scenic experiences.",🏰,216,324
194,Karni Mata Temple,Bikaner,Rajasthan,28.0349,73.3119,Temple,Nov-Feb,2200,"Karni Mata Temple is a popular travel spot near Bikaner, Rajasthan, offering a memorable mix of sightseeing, local culture and scenic experiences.",🛕,264,396
195,Lalgarh Palace,Bikaner,Rajasthan,28.0229,73.2999,Palace,Oct-Apr,2500,"Lalgarh Palace is a popular travel spot near Bikaner, Rajasthan, offering a memorable mix of sightseeing, local culture and scenic experiences.",👑,300,450
196,Gajner Lake,Bikaner,Rajasthan,28.0109,73.3119,Lake/Waterfall,Sep-Feb,3000,"Gajner Lake is a popular travel spot near Bikaner, Rajasthan, offering a memorable mix of sightseeing, local culture and scenic experiences.",🏞️,360,540
197,India Gate,New Delhi,Delhi,28.6139,77.221,Famous Landmark,Oct-Mar,1800,"India Gate is a popular travel spot near New Delhi, Delhi, offering a memorable mix of sightseeing, local culture and scenic experiences.",🏙️,216,324
198,Red Fort,New Delhi,Delhi,28.6259,77.209,Fort,Nov-Feb,2200,"Red Fort is a popular travel spot near New Delhi, Delhi, offering a memorable mix of sightseeing, local culture and scenic experiences.",🏰,264,396
199,Qutub Minar,New Delhi,Delhi,28.6139,77.197,Famous Landmark,Oct-Apr,2500,"Qutub Minar is a popular travel spot near New Delhi, Delhi, offering a memorable mix of sightseeing, local culture and scenic experiences.",🏙️,300,450
200,Humayun's Tomb,New Delhi,Delhi,28.6019,77.209,Places to Visit,Sep-Feb,3000,"Humayun's Tomb is a popular travel spot near New Delhi, Delhi, offering a memorable mix of sightseeing, local culture and scenic experiences.",📍,360,540
201,Taj Mahal,Agra,Uttar Pradesh,27.1767,78.0201,Famous Landmark,Oct-Mar,1800,"Taj Mahal is a popular travel spot near Agra, Uttar Pradesh, offering a memorable mix of sightseeing, local culture and scenic experiences.",🏙️,216,324
202,Agra Fort,Agra,Uttar Pradesh,27.1887,78.0081,Fort,Nov-Feb,2200,"Agra Fort is a popular travel spot near Agra, Uttar Pradesh, offering a memorable mix of sightseeing, local culture and scenic experiences.",🏰,264,396
203,Mehtab Bagh,Agra,Uttar Pradesh,27.1767,77.9961,Places to Visit,Oct-Apr,2500,"Mehtab Bagh is a popular travel spot near Agra, Uttar Pradesh, offering a memorable mix of sightseeing, local culture and scenic experiences.",📍,300,450
204,Itmad-ud-Daulah,Agra,Uttar Pradesh,27.1647,78.0081,Places to Visit,Sep-Feb,3000,"Itmad-ud-Daulah is a popular travel spot near Agra, Uttar Pradesh, offering a memorable mix of sightseeing, local culture and scenic experiences.",📍,360,540
205,Kashi Vishwanath Temple,Varanasi,Uttar Pradesh,25.3176,82.9859,Temple,Oct-Mar,1800,"Kashi Vishwanath Temple is a popular travel spot near Varanasi, Uttar Pradesh, offering a memorable mix of sightseeing, local culture and scenic experiences.",🛕,216,324
206,Dashashwamedh Ghat,Varanasi,Uttar Pradesh,25.3296,82.9739,Lake/Waterfall,Nov-Feb,2200,"Dashashwamedh Ghat is a popular travel spot near Varanasi, Uttar Pradesh, offering a memorable mix of sightseeing, local culture and scenic experiences.",🏞️,264,396
207,Sarnath,Varanasi,Uttar Pradesh,25.3176,82.9619,Spiritual,Oct-Apr,2500,"Sarnath is a popular travel spot near Varanasi, Uttar Pradesh, offering a memorable mix of sightseeing, local culture and scenic experiences.",🕍,300,450
208,Assi Ghat,Varanasi,Uttar Pradesh,25.3056,82.9739,Lake/Waterfall,Sep-Feb,3000,"Assi Ghat is a popular travel spot near Varanasi, Uttar Pradesh, offering a memorable mix of sightseeing, local culture and scenic experiences.",🏞️,360,540
209,Bara Imambara,Lucknow,Uttar Pradesh,26.8467,80.9582,Places to Visit,Oct-Mar,1800,"Bara Imambara is a popular travel spot near Lucknow, Uttar Pradesh, offering a memorable mix of sightseeing, local culture and scenic experiences.",📍,216,324
210,Chota Imambara,Lucknow,Uttar Pradesh,26.8587,80.9462,Places to Visit,Nov-Feb,2200,"Chota Imambara is a popular travel spot near Lucknow, Uttar Pradesh, offering a memorable mix of sightseeing, local culture and scenic experiences.",📍,264,396
211,Rumi Darwaza,Lucknow,Uttar Pradesh,26.8467,80.9342,Places to Visit,Oct-Apr,2500,"Rumi Darwaza is a popular travel spot near Lucknow, Uttar Pradesh, offering a memorable mix of sightseeing, local culture and scenic experiences.",📍,300,450
212,British Residency,Lucknow,Uttar Pradesh,26.8347,80.9462,Historical/Heritage,Sep-Feb,3000,"British Residency is a popular travel spot near Lucknow, Uttar Pradesh, offering a memorable mix of sightseeing, local culture and scenic experiences.",🏛️,360,540
213,Krishna Janmabhoomi,Mathura,Uttar Pradesh,27.4924,77.6857,Places to Visit,Oct-Mar,1800,"Krishna Janmabhoomi is a popular travel spot near Mathura, Uttar Pradesh, offering a memorable mix of sightseeing, local culture and scenic experiences.",📍,216,324
214,Dwarkadhish Temple,Mathura,Uttar Pradesh,27.5044,77.6737,Temple,Nov-Feb,2200,"Dwarkadhish Temple is a popular travel spot near Mathura, Uttar Pradesh, offering a memorable mix of sightseeing, local culture and scenic experiences.",🛕,264,396
215,Vishram Ghat,Mathura,Uttar Pradesh,27.4924,77.6617,Lake/Waterfall,Oct-Apr,2500,"Vishram Ghat is a popular travel spot near Mathura, Uttar Pradesh, offering a memorable mix of sightseeing, local culture and scenic experiences.",🏞️,300,450
216,Govardhan Hill,Mathura,Uttar Pradesh,27.4804,77.6737,Places to Visit,Sep-Feb,3000,"Govardhan Hill is a popular travel spot near Mathura, Uttar Pradesh, offering a memorable mix of sightseeing, local culture and scenic experiences.",📍,360,540
217,Robber's Cave,Dehradun,Uttarakhand,30.3165,78.0442,Places to Visit,Oct-Mar,1800,"Robber's Cave is a popular travel spot near Dehradun, Uttarakhand, offering a memorable mix of sightseeing, local culture and scenic experiences.",📍,216,324
218,Sahastradhara,Dehradun,Uttarakhand,30.3285,78.0322,Nature,Nov-Feb,2200,"Sahastradhara is a popular travel spot near Dehradun, Uttarakhand, offering a memorable mix of sightseeing, local culture and scenic experiences.",🌿,264,396
219,Forest Research Institute,Dehradun,Uttarakhand,30.3165,78.0202,Nature,Oct-Apr,2500,"Forest Research Institute is a popular travel spot near Dehradun, Uttarakhand, offering a memorable mix of sightseeing, local culture and scenic experiences.",🌿,300,450
220,Mindrolling Monastery,Dehradun,Uttarakhand,30.3045,78.0322,Spiritual,Sep-Feb,3000,"Mindrolling Monastery is a popular travel spot near Dehradun, Uttarakhand, offering a memorable mix of sightseeing, local culture and scenic experiences.",🕍,360,540
221,Lakshman Jhula Area,Rishikesh,Uttarakhand,30.0869,78.2796,Places to Visit,Oct-Mar,1800,"Lakshman Jhula Area is a popular travel spot near Rishikesh, Uttarakhand, offering a memorable mix of sightseeing, local culture and scenic experiences.",📍,216,324
222,Triveni Ghat,Rishikesh,Uttarakhand,30.0989,78.2676,Lake/Waterfall,Nov-Feb,2200,"Triveni Ghat is a popular travel spot near Rishikesh, Uttarakhand, offering a memorable mix of sightseeing, local culture and scenic experiences.",🏞️,264,396
223,Beatles Ashram,Rishikesh,Uttarakhand,30.0869,78.2556,Spiritual,Oct-Apr,2500,"Beatles Ashram is a popular travel spot near Rishikesh, Uttarakhand, offering a memorable mix of sightseeing, local culture and scenic experiences.",🕍,300,450
224,Neer Garh Waterfall,Rishikesh,Uttarakhand,30.0749,78.2676,Lake/Waterfall,Sep-Feb,3000,"Neer Garh Waterfall is a popular travel spot near Rishikesh, Uttarakhand, offering a memorable mix of sightseeing, local culture and scenic experiences.",🏞️,360,540
225,Naini Lake,Nainital,Uttarakhand,29.3919,79.4662,Lake/Waterfall,Oct-Mar,1800,"Naini Lake is a popular travel spot near Nainital, Uttarakhand, offering a memorable mix of sightseeing, local culture and scenic experiences.",🏞️,216,324
226,Naina Devi Temple,Nainital,Uttarakhand,29.4039,79.4542,Temple,Nov-Feb,2200,"Naina Devi Temple is a popular travel spot near Nainital, Uttarakhand, offering a memorable mix of sightseeing, local culture and scenic experiences.",🛕,264,396
227,Snow View Point,Nainital,Uttarakhand,29.3919,79.4422,Nature,Oct-Apr,2500,"Snow View Point is a popular travel spot near Nainital, Uttarakhand, offering a memorable mix of sightseeing, local culture and scenic experiences.",🌿,300,450
228,Eco Cave Gardens,Nainital,Uttarakhand,29.3799,79.4542,Nature,Sep-Feb,3000,"Eco Cave Gardens is a popular travel spot near Nainital, Uttarakhand, offering a memorable mix of sightseeing, local culture and scenic experiences.",🌿,360,540
229,Gun Hill,Mussoorie,Uttarakhand,30.4598,78.0764,Hill Station,Oct-Mar,1800,"Gun Hill is a popular travel spot near Mussoorie, Uttarakhand, offering a memorable mix of sightseeing, local culture and scenic experiences.",🌄,216,324
230,Kempty Falls,Mussoorie,Uttarakhand,30.4718,78.0644,Lake/Waterfall,Nov-Feb,2200,"Kempty Falls is a popular travel spot near Mussoorie, Uttarakhand, offering a memorable mix of sightseeing, local culture and scenic experiences.",🏞️,264,396
231,Mall Road,Mussoorie,Uttarakhand,30.4598,78.0524,Hill Station,Oct-Apr,2500,"Mall Road is a popular travel spot near Mussoorie, Uttarakhand, offering a memorable mix of sightseeing, local culture and scenic experiences.",🌄,300,450
232,Lal Tibba,Mussoorie,Uttarakhand,30.4478,78.0644,Hill Station,Sep-Feb,3000,"Lal Tibba is a popular travel spot near Mussoorie, Uttarakhand, offering a memorable mix of sightseeing, local culture and scenic experiences.",🌄,360,540
233,Har Ki Pauri,Haridwar,Uttarakhand,29.9457,78.1762,Spiritual,Oct-Mar,1800,"Har Ki Pauri is a popular travel spot near Haridwar, Uttarakhand, offering a memorable mix of sightseeing, local culture and scenic experiences.",🕍,216,324
234,Mansa Devi Temple,Haridwar,Uttarakhand,29.9577,78.1642,Temple,Nov-Feb,2200,"Mansa Devi Temple is a popular travel spot near Haridwar, Uttarakhand, offering a memorable mix of sightseeing, local culture and scenic experiences.",🛕,264,396
235,Chandi Devi Temple,Haridwar,Uttarakhand,29.9457,78.1522,Temple,Oct-Apr,2500,"Chandi Devi Temple is a popular travel spot near Haridwar, Uttarakhand, offering a memorable mix of sightseeing, local culture and scenic experiences.",🛕,300,450
236,Bharat Mata Mandir,Haridwar,Uttarakhand,29.9337,78.1642,Temple,Sep-Feb,3000,"Bharat Mata Mandir is a popular travel spot near Haridwar, Uttarakhand, offering a memorable mix of sightseeing, local culture and scenic experiences.",🛕,360,540
237,The Ridge,Shimla,Himachal Pradesh,31.1048,77.1854,Hill Station,Oct-Mar,1800,"The Ridge is a popular travel spot near Shimla, Himachal Pradesh, offering a memorable mix of sightseeing, local culture and scenic experiences.",🌄,216,324
238,Mall Road,Shimla,Himachal Pradesh,31.1168,77.1734,Hill Station,Nov-Feb,2200,"Mall Road is a popular travel spot near Shimla, Himachal Pradesh, offering a memorable mix of sightseeing, local culture and scenic experiences.",🌄,264,396
239,Jakhoo Temple,Shimla,Himachal Pradesh,31.1048,77.1614,Temple,Oct-Apr,2500,"Jakhoo Temple is a popular travel spot near Shimla, Himachal Pradesh, offering a memorable mix of sightseeing, local culture and scenic experiences.",🛕,300,450
240,Kufri,Shimla,Himachal Pradesh,31.0928,77.1734,Hill Station,Sep-Feb,3000,"Kufri is a popular travel spot near Shimla, Himachal Pradesh, offering a memorable mix of sightseeing, local culture and scenic experiences.",🌄,360,540
241,Solang Valley,Manali,Himachal Pradesh,32.2396,77.2007,Hill Station,Oct-Mar,1800,"Solang Valley is a popular travel spot near Manali, Himachal Pradesh, offering a memorable mix of sightseeing, local culture and scenic experiences.",🌄,216,324
242,Hadimba Temple,Manali,Himachal Pradesh,32.2516,77.1887,Temple,Nov-Feb,2200,"Hadimba Temple is a popular travel spot near Manali, Himachal Pradesh, offering a memorable mix of sightseeing, local culture and scenic experiences.",🛕,264,396
243,Rohtang Pass,Manali,Himachal Pradesh,32.2396,77.1767,Adventure,Oct-Apr,2500,"Rohtang Pass is a popular travel spot near Manali, Himachal Pradesh, offering a memorable mix of sightseeing, local culture and scenic experiences.",🧗,300,450
244,Old Manali,Manali,Himachal Pradesh,32.2276,77.1887,Places to Visit,Sep-Feb,3000,"Old Manali is a popular travel spot near Manali, Himachal Pradesh, offering a memorable mix of sightseeing, local culture and scenic experiences.",📍,360,540
245,McLeod Ganj,Dharamshala,Himachal Pradesh,32.219,76.3354,Places to Visit,Oct-Mar,1800,"McLeod Ganj is a popular travel spot near Dharamshala, Himachal Pradesh, offering a memorable mix of sightseeing, local culture and scenic experiences.",📍,216,324
246,Namgyal Monastery,Dharamshala,Himachal Pradesh,32.231,76.3234,Spiritual,Nov-Feb,2200,"Namgyal Monastery is a popular travel spot near Dharamshala, Himachal Pradesh, offering a memorable mix of sightseeing, local culture and scenic experiences.",🕍,264,396
247,Bhagsu Waterfall,Dharamshala,Himachal Pradesh,32.219,76.3114,Lake/Waterfall,Oct-Apr,2500,"Bhagsu Waterfall is a popular travel spot near Dharamshala, Himachal Pradesh, offering a memorable mix of sightseeing, local culture and scenic experiences.",🏞️,300,450
248,Triund,Dharamshala,Himachal Pradesh,32.207,76.3234,Adventure,Sep-Feb,3000,"Triund is a popular travel spot near Dharamshala, Himachal Pradesh, offering a memorable mix of sightseeing, local culture and scenic experiences.",🧗,360,540
249,Khajjiar,Dalhousie,Himachal Pradesh,32.5387,75.982,Hill Station,Oct-Mar,1800,"Khajjiar is a popular travel spot near Dalhousie, Himachal Pradesh, offering a memorable mix of sightseeing, local culture and scenic experiences.",🌄,216,324
250,Dainkund Peak,Dalhousie,Himachal Pradesh,32.5507,75.97,Hill Station,Nov-Feb,2200,"Dainkund Peak is a popular travel spot near Dalhousie, Himachal Pradesh, offering a memorable mix of sightseeing, local culture and scenic experiences.",🌄,264,396
251,Panchpula,Dalhousie,Himachal Pradesh,32.5387,75.958,Places to Visit,Oct-Apr,2500,"Panchpula is a popular travel spot near Dalhousie, Himachal Pradesh, offering a memorable mix of sightseeing, local culture and scenic experiences.",📍,300,450
252,St John's Church,Dalhousie,Himachal Pradesh,32.5267,75.97,Spiritual,Sep-Feb,3000,"St John's Church is a popular travel spot near Dalhousie, Himachal Pradesh, offering a memorable mix of sightseeing, local culture and scenic experiences.",🕍,360,540
253,Dal Lake,Srinagar,Jammu and Kashmir,34.0837,74.8093,Lake/Waterfall,Oct-Mar,1800,"Dal Lake is a popular travel spot near Srinagar, Jammu and Kashmir, offering a memorable mix of sightseeing, local culture and scenic experiences.",🏞️,216,324
254,Mughal Gardens,Srinagar,Jammu and Kashmir,34.0957,74.7973,Nature,Nov-Feb,2200,"Mughal Gardens is a popular travel spot near Srinagar, Jammu and Kashmir, offering a memorable mix of sightseeing, local culture and scenic experiences.",🌿,264,396
255,Shankaracharya Temple,Srinagar,Jammu and Kashmir,34.0837,74.7853,Temple,Oct-Apr,2500,"Shankaracharya Temple is a popular travel spot near Srinagar, Jammu and Kashmir, offering a memorable mix of sightseeing, local culture and scenic experiences.",🛕,300,450
256,Nigeen Lake,Srinagar,Jammu and Kashmir,34.0717,74.7973,Lake/Waterfall,Sep-Feb,3000,"Nigeen Lake is a popular travel spot near Srinagar, Jammu and Kashmir, offering a memorable mix of sightseeing, local culture and scenic experiences.",🏞️,360,540
